Nombre,Enlace
Pet Obsessed,https://pluto.tv/on-demand/series/645ab1ce5348f4001a21019c/details
Yo amo a Shakey,https://pluto.tv/on-demand/movies/5f3fd896ad190c001a52e6da/details
Shelby,https://pluto.tv/on-demand/movies/5fad4a7f8b78ef001aa27bcd/details
Chiguagua: el fantasma,https://pluto.tv/on-demand/movies/62bcab10e9e8c00013709d5a/details
Max salva al Mundo,https://pluto.tv/on-demand/movies/60c8abd436537d0013320af4/details
"Benny , El Feo",https://pluto.tv/on-demand/movies/62bf09238672a30013bd7ef8/details
Un amor hasta las patas,https://pluto.tv/on-demand/movies/603e6222049634001a5f3418/details
Mi Angel Guardián,https://pluto.tv/on-demand/movies/60c8abc136537d0013320966/details
Amor por el Perro,https://pluto.tv/on-demand/movies/5fda4095aabcdd001aaf4430/details
"¿EI, Dónde está mi Perro?",https://pluto.tv/on-demand/movies/5fda414b0dddaf0013b83734/details
El refugio,https://pluto.tv/on-demand/movies/62ffebd0c24630001a8b226c/details
Un equipo incomparable,https://pluto.tv/on-demand/movies/62fe9e866df8ae001a0464ae/details
De patitas a la calle,https://pluto.tv/on-demand/movies/60e459453988a50013b7617f/details
K-9 Aventuras: Un Cuento de Navidad,https://pluto.tv/on-demand/movies/61f2a44d04ff25001a4fe790/details
Smitty,https://pluto.tv/on-demand/movies/60c8abbc36537d00133208f2/details
La Mejor Amiga de Summer,https://pluto.tv/on-demand/movies/60bf7276d782df0013ef296c/details
El perrito Pudsey,https://pluto.tv/on-demand/movies/5f7b86a0e4b56900138b713a/details
El Sol de Medianoche,https://pluto.tv/on-demand/movies/60bf7226d782df0013ef25df/details
Una verdadera amistad,https://pluto.tv/on-demand/movies/5fda409aaabcdd001aaf44a0/details
